[
  {
    "model": "finances.category",
    "pk": 12,
    "fields": {
      "user": 1,
      "name": "Work",
      "is_income": true,
      "budget": "2000.00",
      "specification_of": null,
      "archived": false,
      "ignore_for_transaction_delta": false
    }
  },
  {
    "model": "finances.category",
    "pk": 13,
    "fields": {
      "user": 1,
      "name": "Developer",
      "is_income": true,
      "budget": "2000.00",
      "specification_of": 12,
      "archived": false,
      "ignore_for_transaction_delta": false
    }
  },
  {
    "model": "finances.category",
    "pk": 14,
    "fields": {
      "user": 1,
      "name": "Food",
      "is_income": false,
      "budget": "200.00",
      "specification_of": null,
      "archived": false,
      "ignore_for_transaction_delta": false
    }
  },
  {
    "model": "finances.category",
    "pk": 15,
    "fields": {
      "user": 1,
      "name": "Groceries",
      "is_income": false,
      "budget": "150.00",
      "specification_of": 14,
      "archived": false,
      "ignore_for_transaction_delta": false
    }
  },
  {
    "model": "finances.category",
    "pk": 16,
    "fields": {
      "user": 1,
      "name": "Other income",
      "is_income": true,
      "budget": "40.00",
      "specification_of": null,
      "archived": false,
      "ignore_for_transaction_delta": false
    }
  },
  {
    "model": "finances.category",
    "pk": 17,
    "fields": {
      "user": 1,
      "name": "Internet payments",
      "is_income": true,
      "budget": "30.00",
      "specification_of": 16,
      "archived": false,
      "ignore_for_transaction_delta": false
    }
  },
  {
    "model": "finances.category",
    "pk": 18,
    "fields": {
      "user": 1,
      "name": "Various income",
      "is_income": true,
      "budget": "0.00",
      "specification_of": 16,
      "archived": false,
      "ignore_for_transaction_delta": false
    }
  },
  {
    "model": "finances.category",
    "pk": 19,
    "fields": {
      "user": 1,
      "name": "Home",
      "is_income": false,
      "budget": "600.00",
      "specification_of": null,
      "archived": false,
      "ignore_for_transaction_delta": false
    }
  },
  {
    "model": "finances.category",
    "pk": 20,
    "fields": {
      "user": 1,
      "name": "Rent",
      "is_income": false,
      "budget": "500.00",
      "specification_of": 19,
      "archived": false,
      "ignore_for_transaction_delta": false
    }
  },
  {
    "model": "finances.category",
    "pk": 21,
    "fields": {
      "user": 1,
      "name": "Home maintenance",
      "is_income": false,
      "budget": "100.00",
      "specification_of": 19,
      "archived": false,
      "ignore_for_transaction_delta": false
    }
  },
  {
    "model": "finances.category",
    "pk": 22,
    "fields": {
      "user": 1,
      "name": "Eating out",
      "is_income": false,
      "budget": "50.00",
      "specification_of": 14,
      "archived": false,
      "ignore_for_transaction_delta": false
    }
  },
  {
    "model": "finances.transaction",
    "pk": 1,
    "fields": {
      "user": 1,
      "date": "2018-06-28",
      "amount": "3000.00",
      "category": 12,
      "specification": 13,
      "payload": null,
      "process_datetime": null,
      "found_by": null
    }
  },
  {
    "model": "finances.transaction",
    "pk": 2,
    "fields": {
      "user": 1,
      "date": "2018-07-27",
      "amount": "3400.00",
      "category": 12,
      "specification": 13,
      "payload": null,
      "process_datetime": null,
      "found_by": null
    }
  },
  {
    "model": "finances.transaction",
    "pk": 3,
    "fields": {
      "user": 1,
      "date": "2018-08-24",
      "amount": "3200.00",
      "category": 12,
      "specification": 13,
      "payload": null,
      "process_datetime": null,
      "found_by": null
    }
  },
  {
    "model": "finances.transaction",
    "pk": 4,
    "fields": {
      "user": 1,
      "date": "2018-09-28",
      "amount": "5500.00",
      "category": 12,
      "specification": 13,
      "payload": null,
      "process_datetime": null,
      "found_by": null
    }
  },
  {
    "model": "finances.transaction",
    "pk": 5,
    "fields": {
      "user": 1,
      "date": "2018-06-04",
      "amount": "20.00",
      "category": 16,
      "specification": 17,
      "payload": null,
      "process_datetime": null,
      "found_by": null
    }
  },
  {
    "model": "finances.transaction",
    "pk": 6,
    "fields": {
      "user": 1,
      "date": "2018-07-02",
      "amount": "23.00",
      "category": 16,
      "specification": 17,
      "payload": null,
      "process_datetime": null,
      "found_by": null
    }
  },
  {
    "model": "finances.transaction",
    "pk": 7,
    "fields": {
      "user": 1,
      "date": "2018-08-03",
      "amount": "24.00",
      "category": 16,
      "specification": 17,
      "payload": null,
      "process_datetime": null,
      "found_by": null
    }
  },
  {
    "model": "finances.transaction",
    "pk": 8,
    "fields": {
      "user": 1,
      "date": "2018-09-04",
      "amount": "23.00",
      "category": 16,
      "specification": 17,
      "payload": null,
      "process_datetime": null,
      "found_by": null
    }
  },
  {
    "model": "finances.transaction",
    "pk": 9,
    "fields": {
      "user": 1,
      "date": "2018-09-10",
      "amount": "100.00",
      "category": 16,
      "specification": 18,
      "payload": null,
      "process_datetime": null,
      "found_by": null
    }
  },
  {
    "model": "finances.transaction",
    "pk": 10,
    "fields": {
      "user": 1,
      "date": "2018-06-20",
      "amount": "500.00",
      "category": 19,
      "specification": 20,
      "payload": null,
      "process_datetime": null,
      "found_by": null
    }
  },
  {
    "model": "finances.transaction",
    "pk": 11,
    "fields": {
      "user": 1,
      "date": "2018-07-20",
      "amount": "500.00",
      "category": 19,
      "specification": 20,
      "payload": null,
      "process_datetime": null,
      "found_by": null
    }
  },
  {
    "model": "finances.transaction",
    "pk": 12,
    "fields": {
      "user": 1,
      "date": "2018-08-20",
      "amount": "500.00",
      "category": 19,
      "specification": 20,
      "payload": null,
      "process_datetime": null,
      "found_by": null
    }
  },
  {
    "model": "finances.transaction",
    "pk": 13,
    "fields": {
      "user": 1,
      "date": "2018-09-20",
      "amount": "500.00",
      "category": 19,
      "specification": 20,
      "payload": null,
      "process_datetime": null,
      "found_by": null
    }
  },
  {
    "model": "finances.transaction",
    "pk": 14,
    "fields": {
      "user": 1,
      "date": "2018-06-05",
      "amount": "95.00",
      "category": 19,
      "specification": 21,
      "payload": null,
      "process_datetime": null,
      "found_by": null
    }
  },
  {
    "model": "finances.transaction",
    "pk": 15,
    "fields": {
      "user": 1,
      "date": "2018-07-19",
      "amount": "50.00",
      "category": 19,
      "specification": 21,
      "payload": null,
      "process_datetime": null,
      "found_by": null
    }
  },
  {
    "model": "finances.transaction",
    "pk": 16,
    "fields": {
      "user": 1,
      "date": "2018-08-29",
      "amount": "120.00",
      "category": 19,
      "specification": 21,
      "payload": null,
      "process_datetime": null,
      "found_by": null
    }
  },
  {
    "model": "finances.transaction",
    "pk": 17,
    "fields": {
      "user": 1,
      "date": "2018-09-21",
      "amount": "68.00",
      "category": 19,
      "specification": 21,
      "payload": null,
      "process_datetime": null,
      "found_by": null
    }
  },
  {
    "model": "finances.transaction",
    "pk": 18,
    "fields": {
      "user": 1,
      "date": "2018-06-10",
      "amount": "100.00",
      "category": 14,
      "specification": 15,
      "payload": null,
      "process_datetime": null,
      "found_by": null
    }
  },
  {
    "model": "finances.transaction",
    "pk": 19,
    "fields": {
      "user": 1,
      "date": "2018-06-11",
      "amount": "50.00",
      "category": 14,
      "specification": 15,
      "payload": null,
      "process_datetime": null,
      "found_by": null
    }
  },
  {
    "model": "finances.transaction",
    "pk": 20,
    "fields": {
      "user": 1,
      "date": "2018-07-20",
      "amount": "70.00",
      "category": 14,
      "specification": 15,
      "payload": null,
      "process_datetime": null,
      "found_by": null
    }
  },
  {
    "model": "finances.transaction",
    "pk": 21,
    "fields": {
      "user": 1,
      "date": "2018-07-15",
      "amount": "80.00",
      "category": 14,
      "specification": 15,
      "payload": null,
      "process_datetime": null,
      "found_by": null
    }
  },
  {
    "model": "finances.transaction",
    "pk": 22,
    "fields": {
      "user": 1,
      "date": "2018-08-18",
      "amount": "10.00",
      "category": 14,
      "specification": 15,
      "payload": null,
      "process_datetime": null,
      "found_by": null
    }
  },
  {
    "model": "finances.transaction",
    "pk": 23,
    "fields": {
      "user": 1,
      "date": "2018-08-03",
      "amount": "140.00",
      "category": 14,
      "specification": 15,
      "payload": null,
      "process_datetime": null,
      "found_by": null
    }
  },
  {
    "model": "finances.transaction",
    "pk": 24,
    "fields": {
      "user": 1,
      "date": "2018-09-05",
      "amount": "100.00",
      "category": 14,
      "specification": 15,
      "payload": null,
      "process_datetime": null,
      "found_by": null
    }
  },
  {
    "model": "finances.transaction",
    "pk": 25,
    "fields": {
      "user": 1,
      "date": "2018-09-29",
      "amount": "50.00",
      "category": 14,
      "specification": 15,
      "payload": null,
      "process_datetime": null,
      "found_by": null
    }
  },
  {
    "model": "finances.transaction",
    "pk": 26,
    "fields": {
      "user": 1,
      "date": "2018-06-30",
      "amount": "30.00",
      "category": 14,
      "specification": 22,
      "payload": null,
      "process_datetime": null,
      "found_by": null
    }
  },
  {
    "model": "finances.transaction",
    "pk": 27,
    "fields": {
      "user": 1,
      "date": "2018-07-30",
      "amount": "30.00",
      "category": 14,
      "specification": 22,
      "payload": null,
      "process_datetime": null,
      "found_by": null
    }
  },
  {
    "model": "finances.transaction",
    "pk": 28,
    "fields": {
      "user": 1,
      "date": "2018-08-30",
      "amount": "30.00",
      "category": 14,
      "specification": 22,
      "payload": null,
      "process_datetime": null,
      "found_by": null
    }
  },
  {
    "model": "finances.balance",
    "pk": 1,
    "fields": {
      "user": 1,
      "item": 1,
      "date": "2018-06-01",
      "amount": "4000.00"
    }
  },
  {
    "model": "finances.balance",
    "pk": 2,
    "fields": {
      "user": 1,
      "item": 2,
      "date": "2018-06-01",
      "amount": "200.00"
    }
  },
  {
    "model": "finances.balance",
    "pk": 3,
    "fields": {
      "user": 1,
      "item": 3,
      "date": "2018-06-01",
      "amount": "5000.00"
    }
  },
  {
    "model": "finances.balance",
    "pk": 4,
    "fields": {
      "user": 1,
      "item": 1,
      "date": "2018-07-01",
      "amount": "4500.00"
    }
  },
  {
    "model": "finances.balance",
    "pk": 5,
    "fields": {
      "user": 1,
      "item": 2,
      "date": "2018-07-01",
      "amount": "230.00"
    }
  },
  {
    "model": "finances.balance",
    "pk": 6,
    "fields": {
      "user": 1,
      "item": 3,
      "date": "2018-07-01",
      "amount": "4000.00"
    }
  },
  {
    "model": "finances.balance",
    "pk": 7,
    "fields": {
      "user": 1,
      "item": 3,
      "date": "2018-08-01",
      "amount": "3000.00"
    }
  },
  {
    "model": "finances.balance",
    "pk": 8,
    "fields": {
      "user": 1,
      "item": 2,
      "date": "2018-08-01",
      "amount": "180.00"
    }
  },
  {
    "model": "finances.balance",
    "pk": 9,
    "fields": {
      "user": 1,
      "item": 1,
      "date": "2018-08-01",
      "amount": "5000.00"
    }
  },
  {
    "model": "finances.balance",
    "pk": 10,
    "fields": {
      "user": 1,
      "item": 1,
      "date": "2018-09-01",
      "amount": "4000.00"
    }
  },
  {
    "model": "finances.balance",
    "pk": 11,
    "fields": {
      "user": 1,
      "item": 2,
      "date": "2018-09-01",
      "amount": "248.00"
    }
  },
  {
    "model": "finances.balance",
    "pk": 12,
    "fields": {
      "user": 1,
      "item": 4,
      "date": "2018-06-01",
      "amount": "1000.00"
    }
  },
  {
    "model": "finances.balance",
    "pk": 13,
    "fields": {
      "user": 1,
      "item": 4,
      "date": "2018-07-01",
      "amount": "1200.00"
    }
  },
  {
    "model": "finances.balance",
    "pk": 14,
    "fields": {
      "user": 1,
      "item": 4,
      "date": "2018-08-01",
      "amount": "1300.00"
    }
  },
  {
    "model": "finances.balance",
    "pk": 15,
    "fields": {
      "user": 1,
      "item": 4,
      "date": "2018-09-01",
      "amount": "1700.00"
    }
  },
  {
    "model": "finances.balanceitem",
    "pk": 1,
    "fields": {
      "user": 1,
      "name": "Savings",
      "balance_type": "asset",
      "archived": false
    }
  },
  {
    "model": "finances.balanceitem",
    "pk": 2,
    "fields": {
      "user": 1,
      "name": "Checking",
      "balance_type": "asset",
      "archived": false
    }
  },
  {
    "model": "finances.balanceitem",
    "pk": 3,
    "fields": {
      "user": 1,
      "name": "Debt",
      "balance_type": "liability",
      "archived": false
    }
  },
  {
    "model": "finances.balanceitem",
    "pk": 4,
    "fields": {
      "user": 1,
      "name": "Investment",
      "balance_type": "investment",
      "archived": false
    }
  },
  {
    "model": "finances.searchterm",
    "pk": 1,
    "fields": {
      "user": 1,
      "dataset": 1,
      "term": "Albert Heijn",
      "field": "Naam / Omschrijving",
      "category": 14,
      "specification": 15,
      "hits": 0,
      "archived": false
    }
  },
  {
    "model": "finances.searchterm",
    "pk": 2,
    "fields": {
      "user": 1,
      "dataset": 1,
      "term": "Software Inc.",
      "field": "Naam / Omschrijving",
      "category": 12,
      "specification": 13,
      "hits": 0,
      "archived": false
    }
  },
  {
    "model": "finances.searchterm",
    "pk": 3,
    "fields": {
      "user": 1,
      "dataset": 1,
      "term": "Rent",
      "field": "Naam / Omschrijving",
      "category": 19,
      "specification": 20,
      "hits": 0,
      "archived": false
    }
  },
  {
    "model": "finances.dataset",
    "pk": 1,
    "fields": {
      "user": 1,
      "name": "ING debit",
      "date_field": "Datum",
      "date_format": "%Y%m%d",
      "amount_field": "Bedrag (EUR)",
      "processed_transactions": 0,
      "archived": false
    }
  },
  {
    "model": "finances.investmentaccount",
    "pk": 1,
    "fields": {
      "user": 1,
      "name": "My Stocks"
    }
  },
  {
    "model": "finances.investmentaccounttransaction",
    "pk": 1,
    "fields": {
      "user": 1,
      "date": "2023-08-10",
      "amount": "10000.00",
      "account": 1,
      "transaction_type": "deposit",
      "process_datetime": "2024-09-01"
    }
  },
  {
    "model": "finances.investmentaccounttransaction",
    "pk": 2,
    "fields": {
      "user": 1,
      "date": "2024-08-10",
      "amount": "500.00",
      "account": 1,
      "transaction_type": "withdrawal",
      "process_datetime": "2024-09-01"
    }
  },
  {
    "model": "finances.investmentaccounttransaction",
    "pk": 3,
    "fields": {
      "user": 1,
      "date": "2024-01-01",
      "amount": "10.00",
      "account": 1,
      "transaction_type": "interest",
      "process_datetime": "2024-09-01"
    }
  },
  {
    "model": "finances.investmentaccounttransaction",
    "pk": 4,
    "fields": {
      "user": 1,
      "date": "2024-01-01",
      "amount": "20.00",
      "account": 1,
      "transaction_type": "costs",
      "process_datetime": "2023-10-01"
    }
  },
  {
    "model": "finances.investmentsecurity",
    "pk": 1,
    "fields": {
      "user": 1,
      "name": "Tech Inc.",
      "alternative_names": "",
      "account": 1
    }
  },
  {
    "model": "finances.investmentsecuritytransaction",
    "pk": 1,
    "fields": {
      "user": 1,
      "date": "2023-08-15",
      "amount": "2000.00",
      "tax": "0.00",
      "service_cost": "10.00",
      "security": 1,
      "transaction_type": "purchase",
      "process_datetime": "2024-09-01"
    }
  },
  {
    "model": "finances.investmentsecuritytransaction",
    "pk": 2,
    "fields": {
      "user": 1,
      "date": "2023-12-01",
      "amount": "70.00",
      "tax": "7.00",
      "service_cost": "0.00",
      "security": 1,
      "transaction_type": "dividend",
      "process_datetime": "2024-09-01"
    }
  },
  {
    "model": "finances.investmentsecuritytransaction",
    "pk": 3,
    "fields": {
      "user": 1,
      "date": "2024-06-01",
      "amount": "1000.00",
      "tax": "0.00",
      "service_cost": "5.00",
      "security": 1,
      "transaction_type": "sale",
      "process_datetime": "2024-09-01"
    }
  },
  {
    "model": "finances.investmentsecuritybalance",
    "pk": 1,
    "fields": {
      "user": 1,
      "date": "2023-12-01",
      "amount": "2500.00",
      "security": 1
    }
  },
  {
    "model": "finances.investmentsecuritybalance",
    "pk": 2,
    "fields": {
      "user": 1,
      "date": "2024-05-01",
      "amount": "3500.00",
      "security": 1
    }
  },
  {
    "model": "finances.investmentsecuritybalance",
    "pk": 2,
    "fields": {
      "user": 1,
      "date": "2024-07-01",
      "amount": "2750.00",
      "security": 1
    }
  }
]